age,income,goal_money,expected_return,investment_horizon,goal,recommended_asset
35,77662512,634856216,1,8,Health insurance,LIC
65,70959479,993989799,10,40,Loan,Silver
80,51599015,70380743,3,46,Loan,Gold
25,74069379,146390147,5,14,Health insurance,SIP
53,95534569,822430292,5,45,Vehicle,Stocks
80,64345493,219096207,9,47,Health insurance,Stocks
42,19965218,149716023,6,30,Retirement,Stocks
80,99721213,132683511,8,33,Loan,Stocks
42,51502413,336129086,10,50,Health insurance,LIC
61,86413970,499201670,2,37,Loan,Real Estate
35,52731151,555262826,9,32,Business,Stocks
43,42650423,805665840,9,17,House,Gold
24,85925900,873781797,2,26,Loan,Real Estate
23,57337267,265118581,10,1,Vehicle,Gold
67,72854570,756047577,8,25,Health insurance,SIP
76,68532188,715388011,5,34,Retirement,Real Estate
20,78205274,249216710,9,21,Vacation,LIC
70,94520256,930240704,9,13,Business,Stocks
71,47004393,610343822,4,15,Vehicle,LIC
28,56551370,944095271,9,18,House,Gold
73,85266163,387582128,9,35,Vacation,Gold
19,62692192,322980296,1,50,Retirement,Stocks
54,35923779,268068447,10,31,Business,LIC
46,78388382,105095007,8,31,Education,SIP
79,54465605,271774000,3,28,Vehicle,Real Estate
28,30450258,370268240,5,23,House,LIC
79,63030390,535905352,2,23,Education,Gold
23,12941123,132358525,8,23,House,Stocks
70,59359204,110969416,10,27,Vehicle,Silver
29,22425528,370173304,3,28,Vehicle,Stocks
31,67297840,90606850,10,32,Education,Stocks
18,74927926,618102384,10,27,Vehicle,Gold
44,98175810,390321021,6,40,Retirement,Real Estate
56,38840899,830727490,8,26,Retirement,Real Estate
80,77492631,648535290,3,21,Vacation,Real Estate
45,36150512,16301094,3,4,Vehicle,Gold
20,87782588,296496226,7,40,Retirement,Gold
75,82632588,644090016,4,34,Vacation,Stocks
76,11439403,443644038,9,16,Education,Stocks
30,41986818,436093466,7,7,Loan,Silver
36,71493855,365753580,8,26,Loan,Fixed Deposit
60,96974560,276255085,10,32,Business,Gold
59,89738229,252967143,3,32,Education,Fixed Deposit
33,77515572,435217249,10,18,Loan,Stocks
69,1629987,671526894,2,27,Retirement,Real Estate
36,54838999,437769763,8,41,Business,SIP
57,85807713,342071296,2,24,House,Stocks
68,13855481,149694005,4,11,Loan,Fixed Deposit
29,75681349,5359810,9,34,Retirement,Real Estate
23,17774088,638534567,5,21,Vehicle,Stocks
36,21655695,33649033,5,30,Vehicle,Fixed Deposit
50,89901676,845755406,2,45,House,Real Estate
44,83346081,217601482,5,44,Education,Real Estate
21,53971977,787037228,5,38,House,SIP
20,14896259,895692014,9,46,Education,Real Estate
50,65491991,746864040,5,13,House,Stocks
32,3569387,653122866,1,14,Retirement,Real Estate
22,1826484,466667215,4,27,Education,Stocks
49,56667215,647072464,7,27,House,Silver
22,29685225,996332774,9,44,Education,LIC
35,86975620,76783854,2,14,Education,Fixed Deposit
45,4454497,546332220,10,6,Retirement,Real Estate
58,87661409,527437832,9,49,Retirement,Gold
44,7232918,225024174,4,27,Vacation,Silver
23,44757002,46402738,5,11,Retirement,Gold
35,51139930,279056386,3,19,Vacation,Silver
25,36164224,954205960,7,34,Education,Real Estate
44,86197546,701017288,5,47,Vacation,Real Estate
23,98876567,941050970,7,33,Business,Real Estate
74,3980519,697461328,3,50,Retirement,SIP
76,94716102,45686221,1,38,Vacation,Gold
56,77972217,73966793,6,5,Health insurance,Silver
68,41161874,688337162,4,45,House,Silver
76,29633231,977819002,6,26,Loan,Real Estate
33,13291697,371669273,8,1,Vehicle,Real Estate
77,11297945,446133617,7,37,Business,Silver
32,56840501,874801708,3,1,Vacation,SIP
70,97479385,434611886,7,48,Retirement,LIC
43,95529948,123355961,9,49,Retirement,Silver
22,21899314,763694574,4,23,Education,Silver
20,45161764,834147484,6,35,Retirement,Silver
36,52467410,115035403,5,47,Retirement,Fixed Deposit
65,73597879,675873159,8,27,Loan,Gold
47,31736103,856917426,1,39,House,SIP
18,56280061,76754715,4,27,Education,Silver
48,73862216,455823992,7,38,Health insurance,Real Estate
20,62824767,583827751,4,6,Vehicle,LIC
61,61306693,876353245,5,40,House,SIP
42,95547187,715508137,4,25,Education,Silver
49,88287025,43340789,4,46,Retirement,SIP
27,74045723,972482634,8,11,Education,Real Estate
66,24950575,358204644,9,11,Health insurance,LIC
39,95759152,730596666,3,32,Health insurance,SIP
54,3214521,311560596,2,25,Retirement,SIP
53,67618307,683581874,10,30,Vacation,Real Estate
80,64323170,560679875,8,38,Health insurance,Stocks
35,72157568,610371765,4,24,Education,Silver
33,62632059,882177537,5,2,Health insurance,LIC
46,58667614,547329848,9,11,Vacation,Gold
35,53813852,895424988,2,35,Vacation,Gold
49,35397371,89514078,3,16,House,Silver
39,86931620,382688791,2,28,Loan,Real Estate
53,37618289,130426562,4,28,House,SIP
61,44180979,494435583,7,11,Vacation,LIC
79,14688438,216983992,1,29,Health insurance,Silver
29,3387170,736444192,9,2,Health insurance,LIC
45,74295371,116725106,8,43,Vehicle,Real Estate
56,27558965,289001378,3,19,Education,Gold
34,20606128,633444154,7,7,Health insurance,Silver
64,73779880,906424630,4,29,Vacation,SIP
59,54846491,896078578,9,40,Vehicle,Gold
47,6485446,987536300,1,18,Vehicle,Silver
56,68744818,564741323,5,31,Retirement,Silver
47,26587728,579684320,9,17,Health insurance,Gold
51,80462381,375573350,3,22,Education,Fixed Deposit
63,97672376,734322479,2,25,House,SIP
74,23017813,156399764,4,36,Business,LIC
65,31807113,195028471,4,12,Education,Real Estate
24,81264496,793630745,7,13,Business,Silver
55,9786875,660556439,5,38,Health insurance,Gold
40,89249629,39701224,10,20,House,Fixed Deposit
27,26366803,816853048,3,23,Retirement,Stocks
36,83654614,130325433,3,5,Vacation,Real Estate
26,71858822,400050245,5,12,Health insurance,SIP
30,79078831,135055317,3,39,Retirement,LIC
78,92546448,589671140,7,32,Business,Gold
79,80796808,479806241,9,16,House,Stocks
36,66747176,725339843,4,26,Retirement,Silver
23,31638142,713616456,10,1,Health insurance,Real Estate
20,12791479,700940467,7,41,Retirement,Silver
68,94612668,998894117,9,16,Loan,Real Estate
54,95287481,268428739,10,41,House,Silver
72,42886419,989207886,9,12,Retirement,Silver
59,32958138,632500978,1,10,Loan,Silver
58,75012301,696693995,8,42,Vehicle,SIP
71,16002175,35926257,5,39,Education,Stocks
34,77226985,95015020,8,3,Health insurance,Real Estate
25,92404317,511114164,9,2,Education,Stocks
69,37127532,898807428,3,9,Health insurance,LIC
42,8020633,326877572,7,8,House,Real Estate
55,3629552,555836509,5,22,Retirement,Real Estate
57,79397322,287797556,2,28,Business,Fixed Deposit
31,60861593,674648856,2,46,Vehicle,LIC
31,65194856,859141589,2,41,Vacation,Silver
46,74156814,443243553,8,7,Retirement,Silver
54,27729608,243570501,9,38,Loan,Gold
21,96141987,11777193,5,35,House,Fixed Deposit
18,38793675,135416926,3,37,Vehicle,LIC
37,69926862,491635132,5,13,Education,Real Estate
21,69663607,201664955,10,28,Vehicle,Stocks
75,47857274,910065877,6,23,Retirement,Gold
25,39527312,631838815,1,39,Health insurance,Gold
30,37822347,216410076,2,41,Health insurance,SIP
18,60302567,427286669,7,49,House,Fixed Deposit
54,36642765,535512116,8,48,Loan,Fixed Deposit
52,6508087,39352740,10,8,House,Real Estate
35,14964423,790329052,4,38,Business,Real Estate
48,73367244,893560192,1,27,Business,Silver
27,40735518,934200009,7,21,House,Gold
48,20393413,448063409,9,32,Loan,Real Estate
43,97503277,474101668,6,38,House,SIP
69,73964584,369028648,10,23,Retirement,SIP
45,39544898,120178173,1,30,House,LIC
25,23433980,337414581,4,15,Health insurance,LIC
24,56179749,951598162,5,40,Health insurance,LIC
33,6189099,202356246,6,10,Education,Real Estate
39,18819154,308220059,3,37,Health insurance,Silver
67,50662184,956894275,2,24,Business,Stocks
41,45126461,263095388,8,11,Loan,SIP
46,24190222,176385677,8,27,Retirement,SIP
53,79780353,369245637,2,14,Health insurance,LIC
71,82278021,148694184,4,44,Education,Fixed Deposit
71,46031781,304763144,9,1,Education,Real Estate
52,65162910,243857004,9,12,Health insurance,Fixed Deposit
41,31435839,508311099,6,49,Loan,SIP
38,84770107,6552677,7,6,Loan,Gold
79,5470294,492068270,6,22,Loan,SIP
37,5632181,736155769,2,22,Education,SIP
73,65701407,855272643,7,46,House,Real Estate
72,61676558,327653433,2,46,Health insurance,Gold
64,25312407,749427716,3,49,Loan,Gold
40,12444151,839016487,9,19,Loan,Real Estate
65,81360820,421570236,2,21,House,Real Estate
44,72651801,307758907,9,40,Retirement,Gold
77,53690018,809713670,7,44,Vacation,LIC
33,1772845,539046447,4,19,Health insurance,LIC
64,9258245,903577331,1,27,Vehicle,Gold
22,82163847,228116945,9,11,Business,Stocks
68,32837539,310331446,4,9,Vacation,Stocks
38,46375554,623008750,9,12,House,Silver
30,73475057,94258355,9,22,House,Stocks
69,68029323,414622849,2,49,Vehicle,Silver
59,70271198,332317430,9,26,Retirement,Silver
42,40248317,72379208,5,20,Business,Silver
77,38421299,560881882,1,39,Vacation,LIC
78,58769755,829562563,9,30,House,Fixed Deposit
42,31667690,760461985,1,21,House,Silver
54,34216783,341933629,4,27,Education,Gold
77,72704433,674515225,3,17,Business,Fixed Deposit
44,93685571,686425225,5,1,Vehicle,LIC
74,12663845,802895800,4,26,House,Real Estate
28,62584802,404455267,6,11,Vehicle,SIP
31,61582839,257085418,2,20,Vacation,SIP
46,75364322,490164428,3,20,Loan,Fixed Deposit
80,67177797,355926117,2,4,Education,Fixed Deposit
26,76449823,833844613,3,30,House,LIC
52,76039935,965997395,1,23,Education,Silver
57,62698197,800407686,10,10,Retirement,Stocks
70,32635367,271041294,6,22,Retirement,Fixed Deposit
74,34685466,79597666,1,48,Retirement,Gold
34,87790885,756687721,8,48,Loan,Gold
62,44169786,415740495,5,29,Education,LIC
41,84999478,695240589,1,31,Vehicle,Stocks
25,17713161,534861648,6,19,Vacation,LIC
65,65444234,355188956,3,46,Loan,Real Estate
28,60255680,446810998,2,16,Health insurance,Stocks
53,42280130,49344863,8,41,Health insurance,Fixed Deposit
68,73589254,705231800,8,29,Health insurance,SIP
66,53414527,379544667,5,4,Health insurance,Gold
32,24499741,400945424,5,31,Business,LIC
36,94448273,224202555,7,20,Vacation,SIP
55,92380017,733477632,9,43,Vehicle,Gold
80,2876626,279090099,9,1,House,Real Estate
76,19385452,653761500,10,20,Loan,SIP
29,67453751,638561851,10,34,Loan,Fixed Deposit
35,63648344,284938651,8,18,Business,LIC
37,41290860,136467283,9,38,Retirement,Fixed Deposit
61,23097912,379902601,1,20,House,SIP
53,18841939,609953594,2,5,Retirement,Fixed Deposit
70,68628363,126363167,7,6,Business,SIP
53,42573806,905450723,9,42,House,Fixed Deposit
72,8776711,381614423,8,49,Health insurance,Silver
41,5632473,828631168,2,18,Education,Fixed Deposit
65,11054456,418084933,2,17,Education,SIP
57,83713707,216034033,10,15,Vehicle,LIC
30,67611267,989107411,5,26,House,Fixed Deposit
72,77558019,269053945,10,2,House,Real Estate
43,36502210,327056517,10,34,House,Fixed Deposit
79,88024109,506193067,9,31,House,Gold
53,23879515,933486229,3,43,House,Real Estate
53,43495050,646775727,2,17,Business,Silver
66,9557900,181547316,7,48,Vacation,Fixed Deposit
72,45868234,929743821,7,10,Retirement,Silver
72,24377284,958396557,5,38,Vacation,Gold
61,19191725,58228509,4,32,House,LIC
44,85624062,174306164,6,14,Loan,Gold
72,75877428,449925399,5,31,Business,Stocks
80,15765927,466643187,9,40,Retirement,Gold
50,92092211,263980956,7,48,House,SIP
60,80256635,607174614,5,6,Loan,Fixed Deposit
20,92595941,91423633,1,12,Vehicle,Real Estate
25,1676470,297273971,4,38,Retirement,LIC
72,66511741,904307418,3,11,Vehicle,LIC
60,52295889,538192167,3,30,Vehicle,Real Estate
59,29166201,909915002,5,11,Retirement,Stocks
47,89459512,571746738,7,47,Vacation,LIC
79,62626690,312618374,8,18,Education,LIC
31,51617470,169767002,8,46,Vacation,Silver
27,92125948,477927212,9,30,Loan,Real Estate
33,18820834,932039560,3,17,Education,SIP
37,80611138,94628784,9,15,Loan,Gold
21,58664825,816045514,8,20,Vacation,Stocks
72,13766333,234139438,2,3,Loan,SIP
76,34201200,882952553,3,40,Education,Real Estate
75,14088877,833469796,2,20,Vacation,Real Estate
79,60938504,701905197,8,15,Health insurance,SIP
44,73766454,558814496,1,29,Vehicle,SIP
18,19459818,431726901,9,21,House,SIP
39,3239150,723174831,8,15,Retirement,Real Estate
27,6999942,491672671,2,40,Health insurance,LIC
56,62734284,913789098,8,45,Vacation,Stocks
43,77472928,239140425,1,6,Education,Fixed Deposit
25,99915801,899545683,4,37,House,Gold
65,47754168,98177942,5,48,Education,Stocks
55,53557000,334367964,4,19,Health insurance,Silver
56,45387536,655120919,2,22,Vehicle,Silver
21,70879183,739496776,4,38,House,Fixed Deposit
64,64173806,185936301,6,41,Education,Real Estate
80,56094906,290553205,10,47,House,Gold
37,44965199,458539401,7,49,Vehicle,LIC
29,50766926,739571143,2,16,Business,Stocks
75,61490679,804172027,5,33,Vacation,LIC
72,14298793,353017487,1,29,Health insurance,LIC
39,20731220,288592864,8,6,House,Stocks
44,62926195,199257517,2,26,Education,Silver
34,82520258,547639863,2,44,Education,Stocks
31,66561466,232749162,3,48,Loan,SIP
79,19145977,353573564,8,7,Vacation,Fixed Deposit
75,52381778,986574163,8,3,Retirement,Gold
54,651905,534034118,10,8,Education,Fixed Deposit
18,96696836,883596170,9,36,Loan,LIC
58,19035479,758802469,10,2,Vacation,Gold
28,44915114,391031111,8,8,Loan,Silver
63,61708078,47362717,10,46,Business,Fixed Deposit
42,70105356,759385089,7,11,Vehicle,Silver
66,71508344,261992368,5,31,Retirement,SIP
77,11208934,718436002,8,50,Vacation,Real Estate
19,8344039,150855596,8,40,Education,Fixed Deposit
56,79061477,797261065,5,36,Education,LIC
39,909232,980274239,7,26,Health insurance,Fixed Deposit
59,70919429,829008643,6,8,Health insurance,Stocks
61,10024674,215385380,10,4,House,Gold
39,66001606,655476463,5,20,Vacation,Real Estate
38,98042727,844068169,3,8,Loan,LIC
55,28353238,420861390,7,20,Education,Real Estate
68,66028340,619593346,3,34,Loan,Fixed Deposit
24,64841686,328107617,5,31,Retirement,SIP
73,17469037,599591621,6,42,Retirement,SIP
68,22960544,609233069,1,37,Retirement,Gold
19,53151051,935327975,7,26,Retirement,Gold
80,64085850,958256300,8,11,Vacation,LIC
76,47392601,730971347,4,14,Vehicle,Fixed Deposit
27,50005171,802056751,4,26,Vacation,Fixed Deposit
50,93059362,210605933,9,35,Vehicle,Gold
30,86621761,944251007,5,14,House,Real Estate
29,76526660,527119015,8,2,Loan,Gold
41,71969465,71208551,6,5,Education,Silver
50,15663895,367941503,4,26,Loan,SIP
70,7064620,589841389,7,47,Business,Stocks
19,10688937,328715700,1,27,Business,LIC
60,85584670,554052904,5,41,Loan,Stocks
77,58353491,742613825,5,19,Retirement,Stocks
48,72227089,806757696,7,48,Education,SIP
52,50213706,935843448,8,27,House,Fixed Deposit
54,92912031,637929407,10,7,Vacation,Real Estate
68,99750459,925636313,5,14,Education,Gold
50,72225778,176379242,9,27,House,Gold
25,12759757,834735655,10,5,Vacation,Gold
77,88259074,510520569,7,9,Education,SIP
36,15068686,121952698,9,47,Loan,Stocks
56,18979824,59877155,1,49,Vehicle,Stocks
31,17096189,601557968,1,29,House,Stocks
56,56380057,543652832,8,46,Health insurance,Gold
78,99277316,365084508,2,19,Health insurance,Stocks
24,69970390,618833822,6,44,Retirement,Stocks
45,8672773,163826747,3,47,Vacation,Real Estate
42,49953584,346570294,4,35,Vehicle,Gold
56,14759433,810190787,9,13,Health insurance,Stocks
38,63262411,221775470,7,41,House,Fixed Deposit
47,56361819,159882999,10,21,Health insurance,LIC
66,81995899,390367681,10,2,Vehicle,LIC
66,34806350,815028609,4,9,Health insurance,Silver
68,89218176,572248158,7,29,Loan,Real Estate
64,89739611,739522524,9,14,House,Fixed Deposit
70,62292291,431009559,8,36,Education,SIP
66,51672476,252165587,10,11,House,Gold
56,27750425,689259828,8,37,Vehicle,Fixed Deposit
75,35617285,16053811,1,2,Vacation,Fixed Deposit
34,92678713,222362455,4,40,Health insurance,SIP
78,81208328,809396085,8,36,Vacation,Real Estate
72,34435081,36855783,6,48,Health insurance,Silver
35,4862133,787664962,5,15,Health insurance,SIP
22,38151582,817751022,7,33,Business,SIP
74,69575302,163705336,7,32,Retirement,SIP
62,14481796,637955038,6,42,Business,Stocks
66,45960058,924635062,10,32,Vacation,Stocks
21,36799648,720330341,2,9,Business,Gold
30,82839140,59779361,4,32,Loan,Silver
52,27638892,117466868,2,13,Loan,Real Estate
55,31457483,354184541,10,28,Loan,Silver
22,74486706,595972316,4,33,Business,Silver
35,60494877,454338409,6,31,Business,Real Estate
76,21754722,427175002,8,14,Education,Gold
75,64422664,302055164,10,28,Vacation,Stocks
68,61126043,135504900,8,34,Loan,Stocks
33,2678615,867805560,4,15,Vacation,Stocks
49,93617584,431796815,5,6,Health insurance,Gold
58,33747119,447710778,1,8,Business,LIC
72,96082002,767176280,3,48,Business,SIP
21,64119609,819450500,3,8,Education,LIC
53,16827995,193744083,9,31,House,Silver
55,49020767,443429585,2,30,Education,SIP
50,22546835,881172161,9,12,Retirement,Fixed Deposit
65,58330087,997597533,8,6,Health insurance,Fixed Deposit
56,2435507,579983901,3,6,Vacation,SIP
80,13415341,257730738,1,21,Business,Real Estate
21,75847889,40818803,4,2,Vehicle,LIC
64,35137360,705616730,1,7,Education,Real Estate
18,36283252,67998911,4,23,Business,Real Estate
39,66066956,600283107,8,26,Education,LIC
55,83939989,497924188,1,29,House,LIC
64,91444039,628980035,8,36,Education,SIP
39,71453897,239350165,4,22,Vacation,Stocks
58,56163886,36317609,5,23,Vehicle,Silver
58,95457682,588295064,10,40,Business,Real Estate
39,89999630,985141461,7,26,Retirement,Real Estate
20,22759707,178003217,5,30,Vacation,Fixed Deposit
38,76759082,100782120,3,6,Retirement,Real Estate
71,95695281,750175868,9,20,Health insurance,LIC
69,31749391,817255404,7,37,Education,Fixed Deposit
74,604107,113356433,1,47,Vacation,Silver
20,39216775,361483018,1,16,Loan,Gold
19,69713676,58301693,8,15,Business,Stocks
70,60836692,460620896,9,45,Vehicle,Real Estate
55,5732119,95738300,9,41,Education,LIC
53,33852281,845614763,10,37,Vehicle,Real Estate
44,69359724,836888813,5,22,Education,LIC
56,37453035,116411926,5,38,Vehicle,SIP
68,37518042,249353896,2,31,Vacation,Silver
20,9306657,738750052,9,15,Health insurance,SIP
54,88121797,170159844,3,11,Loan,LIC
38,87432970,705153505,2,2,Education,SIP
57,11701134,352742494,3,48,House,Silver
64,8441683,331075132,10,50,House,SIP
38,61358366,740561007,10,30,Business,Stocks
59,60337781,870707717,10,2,Loan,Real Estate
41,26364359,954820172,1,1,Vehicle,Stocks
40,39710148,785258940,1,23,Loan,Real Estate
56,24102823,665332349,1,49,Education,Gold
29,54043975,52798799,10,32,Retirement,Stocks
21,5698031,168843821,2,3,Loan,Real Estate
79,9562865,504312456,8,41,Vacation,LIC
64,32889371,889839039,7,39,House,LIC
72,87939829,319234846,6,19,Business,Real Estate
35,27309941,181615475,5,21,Business,Silver
25,62023955,123528155,9,38,Health insurance,Real Estate
69,19972681,653961243,10,29,Vacation,LIC
25,73116267,909780268,2,9,House,LIC
76,98900857,199053224,1,18,Vacation,Stocks
42,16330057,184878628,7,8,Loan,Real Estate
23,97489075,229249651,5,35,Education,Stocks
62,50434027,465601914,10,43,Vehicle,Fixed Deposit
34,25355770,280895409,4,50,House,Real Estate
52,22230054,73163688,3,28,Vacation,Fixed Deposit
69,2204109,874221640,2,21,Health insurance,SIP
68,38393946,521297017,10,36,Health insurance,Real Estate
35,51458013,127398252,1,8,Loan,Stocks
66,79793482,476225677,10,22,House,Stocks
72,75557724,693337579,2,20,Retirement,SIP
29,46784366,252121755,6,8,Vacation,SIP
51,89808491,17468129,9,31,House,Fixed Deposit
28,47434775,505060648,3,27,Vehicle,Real Estate
67,78551952,793938957,8,20,Vehicle,SIP
39,18669075,121633795,4,31,Loan,Gold
76,45948027,813772163,4,27,Vehicle,LIC
65,93557399,987896516,10,50,Vehicle,Gold
32,83846018,456978940,10,40,Business,LIC
65,53266631,900824294,5,34,Business,Silver
43,59716482,933976379,2,28,House,Fixed Deposit
59,62045660,236865621,5,31,Education,Silver
77,56858485,318688376,3,6,Vacation,LIC
42,83136780,709092162,4,12,Health insurance,SIP
70,67687416,140229811,6,19,Loan,Stocks
20,1386080,733755812,5,13,Vehicle,SIP
55,47933003,542051775,4,46,Education,Silver
74,10810019,882851801,9,34,Retirement,SIP
39,62616554,230595481,10,13,House,Stocks
61,57075487,239368481,3,50,House,Stocks
41,29866128,323889333,5,20,Health insurance,SIP
21,73429538,8000445,3,15,Vacation,Real Estate
27,82117486,111961884,9,43,Vacation,LIC
22,50501849,524518013,6,23,Education,Silver
26,55997702,425518041,1,7,Loan,Stocks
61,48317281,257564026,5,32,Education,Gold
60,59055836,788845089,7,3,Vehicle,Real Estate
64,40245313,858756658,7,8,Vacation,Fixed Deposit
57,47342941,397547726,4,33,Vacation,Silver
74,26977142,280185460,9,47,Vacation,LIC
31,3323060,276582029,3,15,Loan,Gold
61,80646425,282988068,5,38,Business,Gold
44,45600201,930167316,6,27,Vacation,SIP
26,68647964,549838200,1,43,Vehicle,Real Estate
79,21439705,548841159,9,14,Vacation,Gold
20,37971434,559059835,7,19,Vehicle,Real Estate
67,55105576,825183425,1,49,Vehicle,Fixed Deposit
54,62643823,39964850,4,17,Business,LIC
46,93752985,31974623,2,46,Education,LIC
79,13078335,881078799,8,6,House,Real Estate
48,28439846,298272638,1,50,Retirement,Real Estate
70,1530709,695976408,9,45,Retirement,LIC
78,74398391,622362575,7,31,House,Gold
48,46067135,436588785,3,24,Retirement,Gold
22,25471754,605393092,10,29,Education,Fixed Deposit
60,23929255,446283451,4,40,Vehicle,SIP
71,85034122,870488431,1,39,Vehicle,Silver
77,15064121,539890906,6,48,Vehicle,Fixed Deposit
72,46055524,825357940,2,6,Vacation,SIP
75,18124897,763304548,3,15,Health insurance,Stocks
22,54332128,276300913,3,35,House,Fixed Deposit
31,63499332,582966197,8,24,Vehicle,Stocks
23,49667539,435494604,1,23,Education,Real Estate
25,82776780,174263755,7,36,Vacation,Real Estate
44,68061005,38867302,8,25,Business,Silver
45,56478310,216983353,7,38,Vehicle,LIC
60,72654334,586762466,2,31,House,LIC
23,96573007,187765799,7,12,Business,SIP
24,90740171,178063410,8,41,Health insurance,Stocks
48,59838221,14763664,1,1,Business,Gold
23,79027168,711773002,4,26,Health insurance,Stocks
76,93400676,100610010,10,50,Health insurance,Real Estate
75,74494447,309363016,5,39,Health insurance,LIC
42,54219342,743689388,5,5,Vacation,Fixed Deposit
72,71714909,407437799,3,38,Loan,Fixed Deposit
18,65193384,618357655,3,40,Health insurance,Stocks
77,77846836,240581845,10,14,Health insurance,Silver
52,57519890,841290567,2,7,Vehicle,LIC
57,73789305,116817240,2,8,Vehicle,LIC
42,99567821,62442035,3,39,House,LIC
29,33700858,276243065,9,34,Health insurance,Real Estate
20,12085287,894436886,4,34,Retirement,Fixed Deposit
48,17950605,676228688,7,3,Retirement,SIP
77,12804782,817243085,1,34,Business,SIP
34,78311488,517655115,4,45,Vacation,Real Estate
28,2246225,537382265,9,28,Education,Real Estate
32,41745896,724390573,1,35,Business,SIP
66,92073178,255310311,9,12,Retirement,LIC
42,10456269,209937762,10,33,House,Stocks
35,6821340,20209106,10,35,Vehicle,Gold
50,24494038,645956158,2,23,Business,Stocks
42,47973423,370405617,2,21,Health insurance,SIP
46,1981561,129091525,3,26,Vacation,Silver
70,80165829,820417552,5,17,Education,LIC
47,99838881,405964212,6,21,Education,SIP
32,53095257,177716393,4,23,Vacation,Fixed Deposit
22,48912211,395648193,8,13,Vacation,Gold
45,44024101,39979370,7,34,Business,Real Estate
77,82911486,613982712,6,50,Vehicle,Silver
76,73296639,678922568,7,6,Education,Fixed Deposit
77,16900087,209356323,4,42,Education,SIP
34,45663013,792872946,1,5,Education,Silver
78,6292065,493542755,2,9,Vacation,Silver
77,39810705,376192870,4,46,Business,Real Estate
45,2293391,443275774,6,17,Business,Gold
36,49527149,353790141,3,9,Health insurance,LIC
51,41058506,814583400,2,33,Business,LIC
47,15869843,835319544,5,13,Vacation,Stocks
75,39870563,2925700,9,23,Health insurance,SIP
77,59815086,115451990,4,19,Vehicle,Gold
42,45753629,839258479,1,29,Vehicle,SIP
20,39888831,609718855,7,31,Vehicle,SIP
50,4579339,164224929,2,32,Vehicle,Silver
39,7585320,990498626,3,6,Retirement,LIC
62,2055682,641250436,2,37,Retirement,Fixed Deposit
27,46522307,574020848,1,4,Vehicle,SIP
56,15022376,420811625,9,49,Business,LIC
26,40938230,901028019,7,42,Vacation,Fixed Deposit
44,9649084,844528341,1,39,Business,Gold
74,51395054,113351013,9,37,Retirement,Stocks
76,87881426,232461338,3,9,Health insurance,Real Estate
61,99390400,322539986,1,6,Vehicle,Stocks
53,58324348,910582352,1,37,House,Silver
53,22961821,45468666,2,30,Retirement,Silver
52,78733838,125951321,8,8,Health insurance,Fixed Deposit
65,31988109,782289576,8,49,Vacation,Fixed Deposit
74,63151898,229112565,4,37,Health insurance,LIC
60,85034450,329458555,10,25,Business,Gold
26,46199037,54403121,9,6,Loan,Fixed Deposit
66,81292335,394188371,4,37,House,Gold
42,52942369,320781198,5,20,Business,Silver
45,26903825,733559993,8,17,Business,Stocks
26,94620597,826898717,5,22,Vehicle,Real Estate
27,72016282,972765761,10,48,Education,Real Estate
64,63778673,679596373,4,45,Vacation,Fixed Deposit
40,45922013,324616261,4,28,House,Real Estate
20,13518624,618280131,2,2,Vehicle,SIP
52,74096776,491588187,2,25,Vehicle,Stocks
68,26869193,761248751,5,11,Loan,SIP
46,49613841,197281632,6,48,Business,Gold
70,66950581,369875342,8,45,Vacation,LIC
75,72147934,899195858,3,37,House,Real Estate
31,87811354,305820812,6,22,Vehicle,SIP
35,30303046,746364232,10,25,Education,Real Estate
44,58599631,890041113,6,50,Loan,LIC
51,97566776,3147553,9,1,Vacation,LIC
71,95183256,472919213,2,1,Vehicle,Gold
76,92104149,307323379,1,18,Business,Gold
31,20241392,719565631,7,27,Retirement,Silver
55,93990434,314796015,5,35,Education,Gold
53,20184808,546314432,8,1,Vacation,Real Estate
57,42668017,894726192,1,27,Business,Gold
79,84889454,633512775,1,26,House,Gold
23,4550699,847624133,10,24,Business,Silver
47,15445193,201873708,7,3,Retirement,Silver
36,39516254,797379715,9,48,Business,Real Estate
48,20431473,707225916,1,20,Business,Stocks
46,36843301,921823622,9,18,Health insurance,Stocks
31,70682731,998306141,8,41,Retirement,SIP
44,39611952,582843914,5,35,Vacation,Real Estate
29,95518128,713450,9,22,Education,Silver
30,43335578,15141946,3,44,House,Silver
77,85049754,598325285,2,5,Loan,SIP
53,94093763,117523326,8,20,House,Stocks
36,24441041,350426002,7,17,Business,Real Estate
61,31900803,125028525,7,49,Vacation,Stocks
37,18805037,908889948,2,45,Vehicle,Fixed Deposit
43,97318948,170154584,10,36,House,Fixed Deposit
59,29872858,112949409,2,33,Retirement,Stocks
66,83285318,463196355,8,27,House,Stocks
35,55024623,20383573,7,30,Health insurance,Real Estate
72,39204321,211615826,2,33,Vehicle,Fixed Deposit
69,21245753,137893503,8,25,Vehicle,Stocks
56,91211643,954314147,4,17,Education,Stocks
50,51067656,115197084,10,48,Health insurance,Gold
48,21169470,552196587,10,17,Vacation,Silver
24,33662428,581270607,9,26,Vacation,Stocks
26,30246446,277043044,9,45,Health insurance,Silver
34,98127580,515482665,10,7,Retirement,Stocks
75,66912994,565104999,2,29,Loan,LIC
42,60375632,249351277,9,17,House,SIP
34,5780395,705970809,9,27,House,SIP
55,15617964,665157717,9,37,Vehicle,Gold
21,43958437,151287157,4,35,Vehicle,Gold
71,7798720,184303692,4,27,Vehicle,Gold
59,47145835,785475284,3,42,Business,LIC
60,92687993,371663936,3,4,Education,LIC
71,15390474,592066937,10,12,Education,Stocks
75,48563449,111016367,9,44,Business,LIC
71,57840986,58773612,4,28,Business,Real Estate
21,55104311,890476465,10,37,Business,Silver
66,72904809,209020121,1,43,Retirement,LIC
55,19292080,85115660,6,6,Education,Silver
36,94205502,344896283,1,32,Vehicle,SIP
32,97713963,421725895,8,1,Vehicle,LIC
65,70852638,843011831,4,10,Education,LIC
65,74277873,780873809,7,22,Business,Gold
26,95926268,425660669,1,48,Loan,Silver
62,71661840,304682770,7,8,Education,SIP
41,96173911,41341322,8,36,Vacation,LIC
31,67519743,919620854,6,32,Business,Gold
38,26458145,879283606,10,2,Business,Stocks
43,60893464,528941237,2,46,Education,Gold
24,63776047,342693395,1,27,Loan,SIP
32,49347246,546253375,8,12,Retirement,Real Estate
75,68841335,452949206,8,10,Retirement,Silver
42,77955152,894703743,6,4,Vacation,Gold
20,78769667,225845799,10,48,Retirement,LIC
62,95705057,1026052,3,14,Business,Silver
27,51117303,53000969,3,31,Vehicle,Fixed Deposit
55,89743261,161273884,1,30,House,Real Estate
25,23158951,243428301,5,35,Vacation,SIP
29,65618379,902219666,9,30,Loan,Silver
37,82270856,211110654,6,42,House,LIC
49,68631379,16656008,6,14,Vehicle,Stocks
30,38496773,667916008,8,25,Health insurance,Real Estate
30,80529002,836747007,2,44,Business,Real Estate
48,9530928,90239776,6,28,Vacation,Silver
60,32812066,936654260,2,37,Vacation,Gold
21,31662084,776135136,3,46,Retirement,Real Estate
53,96589814,522548436,5,13,Vehicle,Real Estate
57,63207277,769404811,2,12,Education,SIP
74,89915155,428078314,7,35,House,Real Estate
66,33015468,853211298,1,17,House,LIC
30,31116539,51664078,8,40,Vacation,Gold
33,58191988,978485808,1,17,Retirement,SIP
62,31422024,412967705,4,44,House,SIP
48,76163440,234236608,1,22,Business,Stocks
21,56613454,173228977,4,36,House,Fixed Deposit
73,2159041,833149015,9,28,House,Silver
49,49420586,590023096,1,24,House,Real Estate
59,68273199,56951863,5,2,Business,Stocks
34,44009469,753208384,6,28,House,Silver
19,17600894,145663826,1,11,Loan,Gold
49,46240863,578116890,2,9,Retirement,Fixed Deposit
26,48672979,395042276,8,41,Retirement,Gold
25,54193536,98893006,8,13,Loan,Stocks
80,9290700,106085184,6,42,Business,Gold
20,68035281,564567200,2,34,House,Real Estate
43,83827673,903513703,10,8,Vehicle,Stocks
75,5682827,481556709,9,10,Loan,Stocks
38,1747811,239598711,2,37,Retirement,Stocks
64,91491660,444030785,5,47,Retirement,Real Estate
80,23527248,987874048,2,40,Education,Gold
23,86809726,137590686,2,20,Retirement,SIP
53,14435318,549280264,8,4,Education,Stocks
56,96572548,726929342,9,14,Vehicle,Gold
53,39026315,929027965,4,16,Loan,Fixed Deposit
22,37192866,398841991,2,13,Loan,Real Estate
49,725969,494539100,1,42,House,Gold
33,28037995,32431927,9,16,Education,Gold
65,91242714,944204987,5,42,Loan,Gold
30,42286760,607090996,9,36,Business,Stocks
79,59725161,827939282,10,23,Education,LIC
54,37228985,148337599,7,12,Loan,SIP
55,21984761,147918270,10,25,Loan,Gold
27,26330634,713845104,4,38,House,Real Estate
53,23804129,433934784,2,11,Loan,Stocks
58,73860547,783066007,4,1,Health insurance,SIP
40,1598122,500251313,4,44,Education,SIP
23,42868278,967889522,2,16,Vacation,Gold
18,8338967,322343934,8,23,Loan,Gold
20,41315313,899504713,9,17,Vehicle,Real Estate
28,75647293,517401922,7,42,Loan,SIP
33,48697784,355333716,4,48,Education,Stocks
69,77979756,792090309,5,24,Business,Stocks
68,9092183,464931102,8,45,House,LIC
25,74330961,607054544,10,1,Retirement,LIC
58,65114359,764409534,7,26,Loan,Real Estate
20,99140950,442453967,8,25,Business,LIC
47,36319986,434918881,7,41,House,Fixed Deposit
31,1052269,913520526,3,21,Vehicle,Real Estate
40,72177824,1648732,2,4,Education,Real Estate
40,61089822,337504811,1,39,Retirement,Stocks
31,93914623,552721084,5,30,Retirement,SIP
50,9741321,974780353,8,39,Education,Stocks
49,5367499,250408829,8,44,Health insurance,Silver
57,94150051,75907928,2,39,Health insurance,Fixed Deposit
24,38628146,435853127,8,31,Retirement,Gold
77,87206998,368063412,2,25,Retirement,Gold
22,99342071,134871538,5,29,Retirement,SIP
24,31126505,659821550,1,31,Business,SIP
70,89101755,697387442,3,26,Business,Stocks
70,49381465,467338883,7,3,House,Real Estate
74,46903273,630605422,3,2,Education,Silver
42,24337881,366355253,6,3,Business,LIC
76,61415314,430459546,1,30,Education,Real Estate
41,85797558,317009240,5,24,Health insurance,Gold
50,32789562,494878408,8,31,Education,Real Estate
51,78479091,911231191,10,34,Vehicle,Real Estate
38,8536206,247263936,8,40,Retirement,Real Estate
74,95011587,806306028,9,19,House,SIP
59,18045250,553325453,4,8,Retirement,SIP
76,82897364,966979831,3,1,Business,LIC
31,46615945,659016776,7,9,Loan,Gold
24,74707290,941399180,8,17,Vehicle,Stocks
69,59660907,521214332,3,9,Health insurance,Fixed Deposit
57,8741049,53684513,2,37,Business,Real Estate
78,88011235,198078316,9,25,Vacation,SIP
78,40298648,306397295,9,50,Education,Gold
27,64120312,957968751,7,26,House,Stocks
25,3270075,8929852,2,15,Business,Real Estate
52,84039028,677738298,9,5,Health insurance,LIC
50,43441834,248901133,9,40,Business,Real Estate
78,96713618,365332382,3,25,House,Silver
38,15942604,963790047,10,42,Education,Stocks
50,8005136,591747523,6,9,Vacation,SIP
40,52002074,787740606,1,4,Education,Fixed Deposit
36,22607602,27983785,3,20,Education,Silver
45,83426263,25443490,7,39,Health insurance,Real Estate
20,65651257,945013515,3,46,Retirement,Real Estate
69,19713362,490661427,5,3,Vacation,Fixed Deposit
37,46350870,245414826,4,40,Retirement,LIC
35,21846676,743332673,7,19,Retirement,Real Estate
51,23983206,923349667,5,13,Education,Stocks
56,33904974,879377225,10,27,Education,SIP
29,16048822,523649499,1,49,Health insurance,LIC
64,1371527,882378740,3,1,Health insurance,Stocks
50,78626764,987270004,1,7,Vacation,Gold
47,27371336,713372704,4,37,Vehicle,Silver
46,44681836,158126024,3,50,House,Gold
55,43969399,831647692,1,14,House,Silver
79,2425930,553489837,2,9,Retirement,Fixed Deposit
70,32416529,301045107,10,34,Vehicle,Fixed Deposit
67,30617056,638400208,5,49,Retirement,LIC
50,44242065,957270879,1,5,House,SIP
24,12305846,822687940,5,49,Vehicle,Stocks
56,94452940,518431294,8,38,Vacation,Gold
66,17976695,793254494,1,11,Vacation,SIP
26,28680880,35369048,3,9,Vacation,LIC
47,47941242,981559697,3,36,House,Real Estate
25,84365291,256193710,5,18,Loan,Real Estate
23,70282286,455620299,1,50,Health insurance,Stocks
79,4424551,654311383,9,21,Education,Fixed Deposit
72,13037259,504333975,6,22,Business,Fixed Deposit
44,11830717,421614056,9,4,Education,Fixed Deposit
23,73404696,293904975,5,50,Vacation,Silver
55,69125773,351044776,7,45,Vacation,Silver
26,34645666,818503750,6,42,Retirement,Stocks
52,17403260,137859372,8,49,Health insurance,Fixed Deposit
65,88203693,688959519,3,36,Vehicle,Gold
20,41147087,295253561,9,37,Education,Stocks
62,51170690,298158879,9,39,Retirement,Real Estate
40,73365392,110106713,2,44,Health insurance,Fixed Deposit
40,52505683,241021055,2,34,Loan,Gold
74,61449955,863807452,9,34,Business,Stocks
42,73152667,113346168,3,32,Loan,Fixed Deposit
24,21575064,55281549,2,22,Business,Stocks
19,76116772,634913063,5,2,Loan,Gold
24,81224577,655497096,7,9,Health insurance,Silver
60,459449,235439375,4,29,Business,Real Estate
44,74159136,801847775,4,48,House,Stocks
58,49737525,100026282,4,18,Vacation,Stocks
67,59543097,778119955,2,23,Health insurance,LIC
54,4923402,197913658,7,39,Vacation,Real Estate
40,71603176,991169204,1,20,Loan,Stocks
73,31783166,667128418,10,40,Vacation,Stocks
78,56849451,600452627,10,9,House,Gold
60,29995475,703106913,1,44,Education,Silver
66,90330635,727268922,3,8,Health insurance,LIC
39,89928351,505118967,6,38,Vacation,Silver
68,17044717,733719151,2,33,Loan,Real Estate
23,19977684,685690511,10,27,Vacation,Stocks
24,62423841,429766851,2,22,Business,Fixed Deposit
80,81274963,161243201,2,32,Health insurance,Silver
48,16788574,855205970,6,22,Business,Silver
42,60311585,532728475,3,37,Loan,LIC
27,86358400,609592604,9,24,Vacation,Stocks
71,96973185,589587478,3,25,Vacation,SIP
59,62889260,519238845,10,1,Loan,Gold
30,16710539,116904359,6,20,Health insurance,Silver
19,94922391,723958986,7,13,Health insurance,SIP
46,34029523,787762031,9,50,Vacation,Fixed Deposit
58,62647829,690160880,5,16,Business,Stocks
22,13734682,17256418,6,36,Retirement,Fixed Deposit
24,49712980,451313883,9,14,Retirement,Real Estate
38,28652831,77784411,8,32,House,Silver
19,77823356,348103412,1,47,House,SIP
39,1059183,882335253,6,25,Loan,Real Estate
19,40714680,407654271,7,16,Health insurance,SIP
27,84917553,64756468,3,26,Retirement,Stocks
34,84056245,10940206,9,40,Vacation,LIC
48,93048678,240182904,10,29,Health insurance,LIC
41,8614076,429029476,5,33,Vehicle,Real Estate
67,98472960,652676272,5,40,House,SIP
63,7668594,224220092,8,50,Retirement,Real Estate
32,20765437,572086350,5,15,Vacation,Real Estate
69,28406828,155030925,8,16,Business,Fixed Deposit
21,59778089,140015875,6,28,Business,SIP
53,56131978,499212972,7,20,Education,Fixed Deposit
79,91484937,316029007,4,35,Education,Silver
29,90236254,32173775,7,4,Loan,Stocks
23,89912937,501923276,1,29,Education,Gold
64,65380439,87692880,1,1,Health insurance,LIC
35,21186692,231753125,8,47,Education,SIP
58,90579610,18659173,9,34,Loan,Gold
79,16178055,536026476,10,5,House,Gold
27,92916675,497616688,1,22,Health insurance,Stocks
28,93217783,388451224,1,18,Vehicle,Gold
70,12478063,936099770,8,44,Vehicle,SIP
71,37378870,362030962,1,32,Vacation,Fixed Deposit
69,78372435,335188779,8,20,House,SIP
77,41095780,923510033,8,46,Vacation,SIP
44,92003929,477516119,6,29,Retirement,Fixed Deposit
27,22524018,562370682,10,36,Retirement,SIP
57,80592180,657430452,9,24,Retirement,SIP
33,39384139,515116392,2,22,Vehicle,SIP
69,18511556,804853208,3,27,Vehicle,Gold
39,27240481,329149974,8,24,Retirement,Stocks
30,8268433,125995262,1,6,House,SIP
32,24946861,317285082,8,31,Business,Stocks
35,58802227,717045100,8,6,Business,Stocks
73,34700754,136724145,6,20,Loan,LIC
58,67847945,879495377,3,32,Health insurance,LIC
28,24736468,965910364,8,11,House,Fixed Deposit
35,99994093,79426976,9,27,Vehicle,Real Estate
73,45742573,709959073,2,32,House,Real Estate
61,95556245,771931133,3,26,Vacation,Real Estate
66,28002672,462697782,2,49,House,Stocks
60,33018716,651787620,10,14,Vehicle,Fixed Deposit
71,56152031,245672311,2,39,Business,Gold
45,92176765,400480230,2,5,Vacation,Fixed Deposit
18,63493546,472608841,3,24,Health insurance,Silver
27,38847472,784982382,6,17,Retirement,Stocks
49,51713238,214798888,7,41,Vacation,Gold
33,4246761,765131599,5,23,Education,Stocks
40,81621438,514600020,3,6,Vacation,Fixed Deposit
59,43267133,136138722,7,45,Vacation,Gold
73,44929134,979918556,9,11,Retirement,Silver
37,84028314,798228496,3,2,Business,Stocks
56,26682972,654941630,8,25,Retirement,Fixed Deposit
68,63515406,859087730,8,35,Business,SIP
71,32251021,482465112,2,30,Business,Real Estate
65,6883457,684908864,5,35,Retirement,Fixed Deposit
31,24269803,680440327,3,47,Vehicle,Real Estate
56,62699347,561946756,5,48,Vehicle,Real Estate
65,58683343,637503780,3,41,Vacation,LIC
55,85502446,46633983,5,45,Vacation,SIP
77,13002042,942656006,2,43,Vacation,Fixed Deposit
18,50517405,272149158,10,25,Business,Fixed Deposit
64,61226429,875108627,8,23,Health insurance,Gold
32,32898224,788071755,9,32,Education,Real Estate
23,30779493,29496706,1,49,Retirement,Silver
76,85479575,548357362,9,13,Education,LIC
51,82938903,526246565,10,49,Vacation,Gold
27,12603889,844700286,9,35,Health insurance,Gold
18,72007802,503328872,7,17,Education,Silver
61,24215828,907313328,9,35,Business,LIC
77,57188142,125429647,5,1,Vehicle,Silver
45,10897319,956058840,9,3,Education,Silver
38,57161569,237208007,6,13,Business,SIP
74,85166428,196759641,9,9,Health insurance,LIC
76,84150632,611535786,3,5,Health insurance,LIC
60,75219561,515339851,10,22,Retirement,LIC
64,21655392,340292401,5,41,House,SIP
54,6935908,101367705,1,11,House,LIC
72,86311249,809720593,5,32,Vacation,SIP
28,46830629,668408863,5,49,Loan,SIP
43,41741285,7805142,2,15,Vacation,SIP
60,78797379,489853092,1,35,Health insurance,Gold
50,13292975,523280882,1,23,Business,LIC
54,81381743,598966014,8,42,Education,Silver
29,10988466,519568812,7,30,Health insurance,LIC
48,66383989,863325243,7,44,Retirement,Fixed Deposit
21,39948543,88832784,10,19,House,Real Estate
43,74463840,635062351,6,29,Retirement,Real Estate
31,64846131,577787327,5,26,House,SIP
35,44162428,898687687,4,1,Loan,LIC
63,44383410,219041223,6,15,House,Silver
40,47114051,956110319,3,6,Retirement,Silver
77,90510469,903738292,10,49,Vehicle,Stocks
41,48639247,568885765,3,43,Loan,SIP
58,39850375,53483388,6,17,Business,Real Estate
76,31703881,759470220,10,16,House,Gold
77,85861057,585824399,7,15,Education,LIC
61,33882122,248914451,4,18,Retirement,SIP
69,79088344,641217863,10,50,Vehicle,Stocks
71,25257161,383109792,6,2,Health insurance,LIC
70,45327570,810033914,5,5,Health insurance,LIC
34,6599709,807606280,9,31,Business,LIC
69,81058457,467617883,7,10,Loan,LIC
57,61593968,882843712,6,5,Loan,Gold
33,57437670,861793365,8,39,Vacation,Stocks
58,26255988,557361620,10,36,Health insurance,Fixed Deposit
28,98244024,145222474,8,1,Health insurance,Stocks
67,15570860,873476805,2,2,Education,Silver
31,64712662,711635342,8,33,Loan,Real Estate
46,7746257,852025722,3,33,Education,SIP
55,8840816,803266593,4,6,Vehicle,Fixed Deposit
64,76057851,788692720,1,48,Vehicle,Stocks
42,37213773,519633052,1,19,Vehicle,Stocks
60,69673367,515942054,5,45,House,LIC
26,92813457,480332652,6,39,Loan,Fixed Deposit
70,30287418,92252703,1,7,Vehicle,Silver
32,24278546,565273089,4,15,Vacation,Silver
32,60478061,211124779,1,21,Loan,SIP
37,75787219,154262569,2,29,Vacation,Silver
31,28362045,673950550,4,44,Education,Stocks
58,18558054,532983337,4,42,Business,Real Estate
24,68872973,75720378,9,34,Business,Stocks
42,41667730,34030100,5,34,Vacation,Fixed Deposit
32,88889737,733858115,5,41,Business,Real Estate
38,47514073,804166386,8,47,Health insurance,Fixed Deposit
19,61099418,409820801,10,10,Retirement,Real Estate
39,94955338,953112662,7,30,House,SIP
54,79674694,373694311,6,32,Loan,Gold
79,33147373,902926201,10,31,Retirement,Fixed Deposit
55,68861647,929492240,1,38,Retirement,Stocks
34,46386976,793661020,7,33,Vacation,SIP
44,31445129,245046813,9,15,Vacation,Gold
65,66760519,750707947,8,9,Health insurance,Real Estate
67,14449072,370502709,4,32,Business,LIC
71,41145981,34162630,3,3,Loan,Silver
34,11850953,84422404,8,39,House,Stocks
68,50874393,527843381,4,37,Education,SIP
21,97769777,653620393,5,3,Retirement,SIP
58,83487468,282133141,5,38,Loan,Gold
29,50407071,338303250,6,34,Vehicle,LIC
38,14760275,504123058,1,4,Health insurance,LIC
72,54407009,716749104,8,17,House,SIP
26,66118124,997765625,3,27,Vacation,LIC
63,28955487,584722412,6,29,Education,Fixed Deposit
56,74559012,966655463,10,35,House,SIP
64,61484399,127219715,1,6,Vacation,SIP
73,79861908,988268409,2,29,Health insurance,LIC
21,14213743,185984387,1,43,House,Real Estate
46,68670960,143988984,1,44,Business,SIP
43,98351514,209367116,2,29,House,Stocks
32,96009300,485157950,1,25,Education,Gold
36,28171446,765845354,3,4,Business,Stocks
60,76744188,378009650,1,28,Vacation,SIP
38,70088742,747209893,8,49,Health insurance,SIP
20,35016264,281208945,7,3,Education,Real Estate
31,34573257,882254816,4,11,House,Gold
40,44512060,239721988,9,45,Education,Silver
34,80990336,838472289,5,50,Health insurance,Gold
55,74428018,641822364,8,12,Retirement,Silver
60,86328352,516158795,8,23,House,Gold
29,18012623,126635537,8,9,Education,LIC
62,10541689,140760580,9,30,Loan,Real Estate
18,72375268,191149457,7,38,Vacation,Gold
26,30152101,722665607,3,31,Health insurance,Stocks
51,65099868,157063963,9,5,Retirement,Gold
40,16875449,667763110,9,40,Loan,Real Estate
47,79663014,17809903,5,17,Vehicle,Stocks
34,18097385,501846202,6,3,Retirement,Stocks
46,61420502,922949286,4,10,Retirement,LIC
75,4631150,254419430,3,6,Health insurance,Fixed Deposit
41,25576599,541983601,1,27,Loan,Gold
35,44695703,865363765,10,3,Vehicle,SIP
27,52867449,757322037,2,2,Education,Stocks
30,71998410,200602960,2,31,Loan,Real Estate
41,48771067,971908366,3,20,Loan,SIP
68,7281458,299384738,6,2,Education,LIC
53,17855584,691649865,7,6,Retirement,Gold
33,63332480,14883644,3,35,Vacation,SIP
56,73659194,823676368,4,17,Loan,LIC
35,67458523,540540405,7,15,Vacation,LIC
80,87080226,101424724,3,24,House,SIP
51,63293550,677655510,3,5,Vehicle,Stocks
46,47651689,81274419,6,13,Retirement,Real Estate
50,76975135,594095584,6,40,Education,LIC
39,1177448,950942941,6,44,Retirement,Silver
41,31630764,783532535,9,38,House,Silver
32,48426552,976689933,2,10,Health insurance,SIP
80,76935087,359416266,4,16,Health insurance,Stocks
18,11331668,55726957,8,29,Health insurance,LIC
51,71358444,932912215,8,12,House,SIP
29,74207875,508230103,9,46,House,Silver
72,39593239,89529829,3,18,Health insurance,Real Estate
51,39635170,326501046,10,2,Business,SIP
59,29760108,601065884,1,11,Vacation,Fixed Deposit
39,6520596,739618901,6,26,Retirement,SIP
26,57115600,377797152,2,14,Education,SIP
18,54089300,8112314,10,16,Retirement,Real Estate
79,78499892,397401780,3,35,House,Fixed Deposit
46,40131584,564278272,4,12,Vacation,LIC
28,72787653,118317659,5,38,Retirement,Stocks
25,47903635,90914756,3,1,House,SIP
68,43817694,598023590,9,19,Business,Stocks
50,14644617,399270760,1,17,Business,Silver
53,19370146,286802914,5,40,Business,Gold
